Dataset,Subtype,Region,ZS Gray Matter Volume,Cortical Region,Time
ADNI,0,Accumbens,-0.4658530079983448,BG,MCI
ADNI,0,Amygdala,-0.8827101787185804,TL-M,MCI
ADNI,0,Angular Gyrus,-0.6273719519742352,PL,MCI
ADNI,0,Anterior Cingulate Gyrus,-0.29332382414319613,Cing,MCI
ADNI,0,Anterior Insula,-0.4113332872485642,Ins,MCI
ADNI,0,Anterior Orbital Gyrus,-0.275951048853496,FL,MCI
ADNI,0,Basal Forebrain,-0.6209670104649442,SC,MCI
ADNI,0,Calcarine Cortex,0.021855792761084448,OL,MCI
ADNI,0,Caudate,-0.12296961099980011,BG,MCI
ADNI,0,Central Operculum,-0.520936408679364,FL,MCI
ADNI,0,Cerebral White Matter,0.20099014370104232,SC,MCI
ADNI,0,Cuneus,-0.31297130331946227,OL,MCI
ADNI,0,Entorhinal Area,-0.8736897377097357,TL-M,MCI
ADNI,0,Frontal Operculum,-0.3598873353698602,FL,MCI
ADNI,0,Frontal Pole,-0.2685030357149741,FL,MCI
ADNI,0,Fusiform Gyrus,-0.8542427623579951,TL-O,MCI
ADNI,0,Gyrus Rectus,-0.43170846192658885,FL,MCI
ADNI,0,Hippocampus,-0.8081410310049032,TL-M,MCI
ADNI,0,Inferior Occipital Gyrus,-0.6286102378424048,OL,MCI
ADNI,0,Inferior Temporal Gyrus,-0.8455847678558942,TL-O,MCI
ADNI,0,Lateral Orbital Gyrus,-0.23777645758171115,FL,MCI
ADNI,0,Lingual Gyrus,-0.5263367228916574,OL,MCI
ADNI,0,Medial Frontal Cortex,-0.524419242763917,FL,MCI
ADNI,0,Medial Orbital Gyrus,-0.361516874771088,FL,MCI
ADNI,0,Middle Cingulate Gyrus,-0.25461615685460737,Cing,MCI
ADNI,0,Middle Frontal Gyrus,-0.24045631890961788,FL,MCI
ADNI,0,Middle Occipital Gyrus,-0.6817017335950732,OL,MCI
ADNI,0,Middle Temporal Gyrus,-0.8142936404168499,TL-O,MCI
ADNI,0,Occipital Fusiform Gyrus,-0.6347422088336286,OL,MCI
ADNI,0,Occipital Pole,-0.2686531849636924,OL,MCI
ADNI,0,Opercular Part of the Inferior Frontal Gyrus,-0.16902572318806078,FL,MCI
ADNI,0,Orbital Part of the Inferior Frontal Gyrus,-0.28358909424751216,FL,MCI
ADNI,0,Pallidum,0.08528241069554206,BG,MCI
ADNI,0,Parahippocampus Gyrus,-0.8286265884499973,TL-M,MCI
ADNI,0,Parietal Operculum,-0.2595427971430272,FL,MCI
ADNI,0,Planum Polare,-0.6181489378681264,TL-O,MCI
ADNI,0,Planum Temporale,-0.44133099829296174,TL-O,MCI
ADNI,0,Postcentral Gyrus,-0.22975917036878038,PL,MCI
ADNI,0,Postcentral Gyrus Medial Segment,-0.07413047277990281,PL,MCI
ADNI,0,Posterior Cingulate Gyrus,-0.5473522445227406,Cing,MCI
ADNI,0,Posterior Insula,-0.4809711625934077,Ins,MCI
ADNI,0,Posterior Orbital Gyrus,-0.4042830548245402,FL,MCI
ADNI,0,Precentral Gyrus,-0.10423210057783026,FL,MCI
ADNI,0,Precentral Gyrus Medial Segment,0.03168150236551024,FL,MCI
ADNI,0,Precuneus,-0.3911463859688048,PL,MCI
ADNI,0,Putamen,-0.30246752101832314,BG,MCI
ADNI,0,Subcallosal Area,-0.40186535347929786,FL,MCI
ADNI,0,Superior Frontal Gyrus,-0.24923877146670742,FL,MCI
ADNI,0,Superior Frontal Gyrus Medial Segment,-0.37165150893798404,FL,MCI
ADNI,0,Superior Occipital Gyrus,-0.3227631738732031,OL,MCI
ADNI,0,Superior Parietal Lobule,-0.3631217446986388,PL,MCI
ADNI,0,Superior Temporal Gyrus,-0.700689640869501,TL-O,MCI
ADNI,0,Supplementary Motor Cortex,-0.046324934109717844,FL,MCI
ADNI,0,Supramarginal Gyrus,-0.5422025028533614,PL,MCI
ADNI,0,Temporal Pole,-0.7780043479755178,TL-O,MCI
ADNI,0,Thalamus Proper,-0.13484995507345343,SC,MCI
ADNI,0,Transverse Temporal Gyrus,-0.18770472074445396,TL-O,MCI
ADNI,0,Triangular Part of the Inferior Frontal Gyrus,-0.18291704645469295,FL,MCI
ADNI,0,Ventral DC,-0.5451474238268034,SC,MCI
ADNI,1,Accumbens,-0.27934459100025993,BG,MCI
ADNI,1,Amygdala,-0.1994011544568015,TL-M,MCI
ADNI,1,Angular Gyrus,-0.43226600054828507,PL,MCI
ADNI,1,Anterior Cingulate Gyrus,-0.6494094330053014,Cing,MCI
ADNI,1,Anterior Insula,-0.4480448514245975,Ins,MCI
ADNI,1,Anterior Orbital Gyrus,-0.5418139882617271,FL,MCI
ADNI,1,Basal Forebrain,-0.33489241742688725,SC,MCI
ADNI,1,Calcarine Cortex,-0.3044368193834558,OL,MCI
ADNI,1,Caudate,-0.10914930186257325,BG,MCI
ADNI,1,Central Operculum,-0.5554059397985475,FL,MCI
ADNI,1,Cerebral White Matter,0.031236696435095558,SC,MCI
ADNI,1,Cuneus,-0.40797144566497007,OL,MCI
ADNI,1,Entorhinal Area,-0.12882920458907715,TL-M,MCI
ADNI,1,Frontal Operculum,-0.7141629535760625,FL,MCI
ADNI,1,Frontal Pole,-0.19419044236360522,FL,MCI
ADNI,1,Fusiform Gyrus,-0.33081311739364533,TL-O,MCI
ADNI,1,Gyrus Rectus,-0.6136797202007013,FL,MCI
ADNI,1,Hippocampus,-0.3497037822918289,TL-M,MCI
ADNI,1,Inferior Occipital Gyrus,-0.4495578775522505,OL,MCI
ADNI,1,Inferior Temporal Gyrus,-0.36167637220209964,TL-O,MCI
ADNI,1,Lateral Orbital Gyrus,-0.6062558906331501,FL,MCI
ADNI,1,Lingual Gyrus,-0.3830388765567902,OL,MCI
ADNI,1,Medial Frontal Cortex,-0.635560290521795,FL,MCI
ADNI,1,Medial Orbital Gyrus,-0.6391774956459283,FL,MCI
ADNI,1,Middle Cingulate Gyrus,-0.5102593189681893,Cing,MCI
ADNI,1,Middle Frontal Gyrus,-0.6582054995506316,FL,MCI
ADNI,1,Middle Occipital Gyrus,-0.33745239408387706,OL,MCI
ADNI,1,Middle Temporal Gyrus,-0.5114705692992109,TL-O,MCI
ADNI,1,Occipital Fusiform Gyrus,-0.39834210136004455,OL,MCI
ADNI,1,Occipital Pole,-0.3835812687849013,OL,MCI
ADNI,1,Opercular Part of the Inferior Frontal Gyrus,-0.609777429241813,FL,MCI
ADNI,1,Orbital Part of the Inferior Frontal Gyrus,-0.5913929227035671,FL,MCI
ADNI,1,Pallidum,0.2681729978142245,BG,MCI
ADNI,1,Parahippocampus Gyrus,-0.15762127530340986,TL-M,MCI
ADNI,1,Parietal Operculum,-0.5561730989861796,FL,MCI
ADNI,1,Planum Polare,-0.5388835743307975,TL-O,MCI
ADNI,1,Planum Temporale,-0.5889745656341274,TL-O,MCI
ADNI,1,Postcentral Gyrus,-0.3533474453615114,PL,MCI
ADNI,1,Postcentral Gyrus Medial Segment,-0.09786672562022519,PL,MCI
ADNI,1,Posterior Cingulate Gyrus,-0.497824344609067,Cing,MCI
ADNI,1,Posterior Insula,-0.3301700683432244,Ins,MCI
ADNI,1,Posterior Orbital Gyrus,-0.560722275770447,FL,MCI
ADNI,1,Precentral Gyrus,-0.43373563475245436,FL,MCI
ADNI,1,Precentral Gyrus Medial Segment,-0.272194562959058,FL,MCI
ADNI,1,Precuneus,-0.534432537280943,PL,MCI
ADNI,1,Putamen,-0.04445425345912272,BG,MCI
ADNI,1,Subcallosal Area,-0.4969996223182297,FL,MCI
ADNI,1,Superior Frontal Gyrus,-0.48477736980114966,FL,MCI
ADNI,1,Superior Frontal Gyrus Medial Segment,-0.596123110228686,FL,MCI
ADNI,1,Superior Occipital Gyrus,-0.207276466626712,OL,MCI
ADNI,1,Superior Parietal Lobule,-0.2921000914811326,PL,MCI
ADNI,1,Superior Temporal Gyrus,-0.4455205604175109,TL-O,MCI
ADNI,1,Supplementary Motor Cortex,-0.5280272620151842,FL,MCI
ADNI,1,Supramarginal Gyrus,-0.3792526078615343,PL,MCI
ADNI,1,Temporal Pole,-0.23854514993717651,TL-O,MCI
ADNI,1,Thalamus Proper,-0.35662860810106783,SC,MCI
ADNI,1,Transverse Temporal Gyrus,-0.6179245651636168,TL-O,MCI
ADNI,1,Triangular Part of the Inferior Frontal Gyrus,-0.7189185456754735,FL,MCI
ADNI,1,Ventral DC,-0.1426556933514386,SC,MCI
ADNI,2,Accumbens,0.5182449912706952,BG,MCI
ADNI,2,Amygdala,0.07995221832363271,TL-M,MCI
ADNI,2,Angular Gyrus,0.4029511156928769,PL,MCI
ADNI,2,Anterior Cingulate Gyrus,0.5845315756479376,Cing,MCI
ADNI,2,Anterior Insula,0.25863838979859666,Ins,MCI
ADNI,2,Anterior Orbital Gyrus,0.3815256614898782,FL,MCI
ADNI,2,Basal Forebrain,0.2921422946140599,SC,MCI
ADNI,2,Calcarine Cortex,-0.42675727538155506,OL,MCI
ADNI,2,Caudate,0.580028515906595,BG,MCI
ADNI,2,Central Operculum,0.44823550130724815,FL,MCI
ADNI,2,Cerebral White Matter,0.22743913009466263,SC,MCI
ADNI,2,Cuneus,-0.05304329157679219,OL,MCI
ADNI,2,Entorhinal Area,-0.042818454299207026,TL-M,MCI
ADNI,2,Frontal Operculum,0.4278595406801174,FL,MCI
ADNI,2,Frontal Pole,0.20756173838899747,FL,MCI
ADNI,2,Fusiform Gyrus,0.1257099005376737,TL-O,MCI
ADNI,2,Gyrus Rectus,0.4074094051441766,FL,MCI
ADNI,2,Hippocampus,0.10179465473491035,TL-M,MCI
ADNI,2,Inferior Occipital Gyrus,0.08772622320604881,OL,MCI
ADNI,2,Inferior Temporal Gyrus,0.10458217739380858,TL-O,MCI
ADNI,2,Lateral Orbital Gyrus,0.2653168567632728,FL,MCI
ADNI,2,Lingual Gyrus,-0.1471542048884166,OL,MCI
ADNI,2,Medial Frontal Cortex,0.5061827496088631,FL,MCI
ADNI,2,Medial Orbital Gyrus,0.37241745284086847,FL,MCI
ADNI,2,Middle Cingulate Gyrus,0.5945978762366508,Cing,MCI
ADNI,2,Middle Frontal Gyrus,0.5715674893000889,FL,MCI
ADNI,2,Middle Occipital Gyrus,0.16367017910763212,OL,MCI
ADNI,2,Middle Temporal Gyrus,0.24946247791373147,TL-O,MCI
ADNI,2,Occipital Fusiform Gyrus,-0.10674111598870031,OL,MCI
ADNI,2,Occipital Pole,-0.1859319839290937,OL,MCI
ADNI,2,Opercular Part of the Inferior Frontal Gyrus,0.33180841800987326,FL,MCI
ADNI,2,Orbital Part of the Inferior Frontal Gyrus,0.12238553050420314,FL,MCI
ADNI,2,Pallidum,-0.028949036409988187,BG,MCI
ADNI,2,Parahippocampus Gyrus,0.003625832834160177,TL-M,MCI
ADNI,2,Parietal Operculum,0.17143349106864758,FL,MCI
ADNI,2,Planum Polare,0.2435027804732139,TL-O,MCI
ADNI,2,Planum Temporale,0.07044116285069602,TL-O,MCI
ADNI,2,Postcentral Gyrus,0.5107314557398391,PL,MCI
ADNI,2,Postcentral Gyrus Medial Segment,0.2597595221801762,PL,MCI
ADNI,2,Posterior Cingulate Gyrus,0.45375297034474643,Cing,MCI
ADNI,2,Posterior Insula,0.20902122704023707,Ins,MCI
ADNI,2,Posterior Orbital Gyrus,0.098341525431785,FL,MCI
ADNI,2,Precentral Gyrus,0.30429065123087445,FL,MCI
ADNI,2,Precentral Gyrus Medial Segment,0.20582779511392713,FL,MCI
ADNI,2,Precuneus,0.3734979933076192,PL,MCI
ADNI,2,Putamen,0.42992979844706863,BG,MCI
ADNI,2,Subcallosal Area,0.2969489305404265,FL,MCI
ADNI,2,Superior Frontal Gyrus,0.5090537238602942,FL,MCI
ADNI,2,Superior Frontal Gyrus Medial Segment,0.409293713321194,FL,MCI
ADNI,2,Superior Occipital Gyrus,0.04088042056258932,OL,MCI
ADNI,2,Superior Parietal Lobule,0.46415168990212763,PL,MCI
ADNI,2,Superior Temporal Gyrus,0.26145195169903723,TL-O,MCI
ADNI,2,Supplementary Motor Cortex,0.5158537950301529,FL,MCI
ADNI,2,Supramarginal Gyrus,0.47158337854946336,PL,MCI
ADNI,2,Temporal Pole,0.0484248518064196,TL-O,MCI
ADNI,2,Thalamus Proper,0.06232303304922398,SC,MCI
ADNI,2,Transverse Temporal Gyrus,-0.030859050626818253,TL-O,MCI
ADNI,2,Triangular Part of the Inferior Frontal Gyrus,0.2866314377163713,FL,MCI
ADNI,2,Ventral DC,-0.05703419523748601,SC,MCI
ADNI,3,Accumbens,0.23666366040475395,BG,MCI
ADNI,3,Amygdala,0.6598647941932312,TL-M,MCI
ADNI,3,Angular Gyrus,0.4578309851423012,PL,MCI
ADNI,3,Anterior Cingulate Gyrus,0.28030853941327344,Cing,MCI
ADNI,3,Anterior Insula,0.4008770857953846,Ins,MCI
ADNI,3,Anterior Orbital Gyrus,0.2982551379373747,FL,MCI
ADNI,3,Basal Forebrain,0.4692465849628542,SC,MCI
ADNI,3,Calcarine Cortex,0.3456943285060948,OL,MCI
ADNI,3,Caudate,-0.11129745156935217,BG,MCI
ADNI,3,Central Operculum,0.4483095933362879,FL,MCI
ADNI,3,Cerebral White Matter,-0.23847919724196953,SC,MCI
ADNI,3,Cuneus,0.44511520991751563,OL,MCI
ADNI,3,Entorhinal Area,0.675998982738012,TL-M,MCI
ADNI,3,Frontal Operculum,0.42929658890489,FL,MCI
ADNI,3,Frontal Pole,0.18813129568100662,FL,MCI
ADNI,3,Fusiform Gyrus,0.6877806621779587,TL-O,MCI
ADNI,3,Gyrus Rectus,0.4208861356318194,FL,MCI
ADNI,3,Hippocampus,0.6779650356020669,TL-M,MCI
ADNI,3,Inferior Occipital Gyrus,0.6164307276835735,OL,MCI
ADNI,3,Inferior Temporal Gyrus,0.7107483962206426,TL-O,MCI
ADNI,3,Lateral Orbital Gyrus,0.35516229008425537,FL,MCI
ADNI,3,Lingual Gyrus,0.6210139330166676,OL,MCI
ADNI,3,Medial Frontal Cortex,0.4440166690359047,FL,MCI
ADNI,3,Medial Orbital Gyrus,0.40581609721779555,FL,MCI
ADNI,3,Middle Cingulate Gyrus,0.17009503617904922,Cing,MCI
ADNI,3,Middle Frontal Gyrus,0.2524831877464654,FL,MCI
ADNI,3,Middle Occipital Gyrus,0.5560670352592255,OL,MCI
ADNI,3,Middle Temporal Gyrus,0.6950483657544106,TL-O,MCI
ADNI,3,Occipital Fusiform Gyrus,0.6860030272880464,OL,MCI
ADNI,3,Occipital Pole,0.4646946962632752,OL,MCI
ADNI,3,Opercular Part of the Inferior Frontal Gyrus,0.28379144469784884,FL,MCI
ADNI,3,Orbital Part of the Inferior Frontal Gyrus,0.4498785931596393,FL,MCI
ADNI,3,Pallidum,-0.18419296487124537,BG,MCI
ADNI,3,Parahippocampus Gyrus,0.6332264795999014,TL-M,MCI
ADNI,3,Parietal Operculum,0.393862111609231,FL,MCI
ADNI,3,Planum Polare,0.5810301129698153,TL-O,MCI
ADNI,3,Planum Temporale,0.570030577352455,TL-O,MCI
ADNI,3,Postcentral Gyrus,0.11929980129764874,PL,MCI
ADNI,3,Postcentral Gyrus Medial Segment,-0.017147189246436816,PL,MCI
ADNI,3,Posterior Cingulate Gyrus,0.4189995709626646,Cing,MCI
ADNI,3,Posterior Insula,0.41509767498128985,Ins,MCI
ADNI,3,Posterior Orbital Gyrus,0.5248665396861308,FL,MCI
ADNI,3,Precentral Gyrus,0.16214035883056274,FL,MCI
ADNI,3,Precentral Gyrus Medial Segment,0.03538403032687888,FL,MCI
ADNI,3,Precuneus,0.37009728937213054,PL,MCI
ADNI,3,Putamen,0.05458356176034035,BG,MCI
ADNI,3,Subcallosal Area,0.3975998900291099,FL,MCI
ADNI,3,Superior Frontal Gyrus,0.18717410982497978,FL,MCI
ADNI,3,Superior Frontal Gyrus Medial Segment,0.38345142369824003,FL,MCI
ADNI,3,Superior Occipital Gyrus,0.30558515596391767,OL,MCI
ADNI,3,Superior Parietal Lobule,0.18115965084656807,PL,MCI
ADNI,3,Superior Temporal Gyrus,0.57666056689244,TL-O,MCI
ADNI,3,Supplementary Motor Cortex,0.08882833051202292,FL,MCI
ADNI,3,Supramarginal Gyrus,0.35051546274680045,PL,MCI
ADNI,3,Temporal Pole,0.6324841534097885,TL-O,MCI
ADNI,3,Thalamus Proper,0.2549176642132134,SC,MCI
ADNI,3,Transverse Temporal Gyrus,0.4569376845873648,TL-O,MCI
ADNI,3,Triangular Part of the Inferior Frontal Gyrus,0.3670363150594056,FL,MCI
ADNI,3,Ventral DC,0.4742724757112651,SC,MCI
ADNI_AD,0,Accumbens,-0.6943637443595508,BG,AD
ADNI_AD,0,Amygdala,-1.4488210106314787,TL-M,AD
ADNI_AD,0,Angular Gyrus,-1.0241848570706304,PL,AD
ADNI_AD,0,Anterior Cingulate Gyrus,-0.5697580661982047,Cing,AD
ADNI_AD,0,Anterior Insula,-0.6651424278737832,Ins,AD
ADNI_AD,0,Anterior Orbital Gyrus,-0.45914615619683646,FL,AD
ADNI_AD,0,Basal Forebrain,-0.8224166144523801,SC,AD
ADNI_AD,0,Calcarine Cortex,-0.19657785081781373,OL,AD
ADNI_AD,0,Caudate,-0.2912372673544155,BG,AD
ADNI_AD,0,Central Operculum,-0.6490269080456573,FL,AD
ADNI_AD,0,Cerebral White Matter,0.25833587504969624,SC,AD
ADNI_AD,0,Cuneus,-0.5808173182734725,OL,AD
ADNI_AD,0,Entorhinal Area,-1.3325515395686016,TL-M,AD
ADNI_AD,0,Frontal Operculum,-0.561879535685193,FL,AD
ADNI_AD,0,Frontal Pole,-0.31907361457134376,FL,AD
ADNI_AD,0,Fusiform Gyrus,-1.3800234772774609,TL-O,AD
ADNI_AD,0,Gyrus Rectus,-0.5711694699372207,FL,AD
ADNI_AD,0,Hippocampus,-1.3826596738113337,TL-M,AD
ADNI_AD,0,Inferior Occipital Gyrus,-0.9713668462802348,OL,AD
ADNI_AD,0,Inferior Temporal Gyrus,-1.4161955575430332,TL-O,AD
ADNI_AD,0,Lateral Orbital Gyrus,-0.44783392867135347,FL,AD
ADNI_AD,0,Lingual Gyrus,-0.8085375964336361,OL,AD
ADNI_AD,0,Medial Frontal Cortex,-0.7089325307109678,FL,AD
ADNI_AD,0,Medial Orbital Gyrus,-0.5709622457266934,FL,AD
ADNI_AD,0,Middle Cingulate Gyrus,-0.34214831518320443,Cing,AD
ADNI_AD,0,Middle Frontal Gyrus,-0.5119344781653489,FL,AD
ADNI_AD,0,Middle Occipital Gyrus,-1.040655604199303,OL,AD
ADNI_AD,0,Middle Temporal Gyrus,-1.2865748097313363,TL-O,AD
ADNI_AD,0,Occipital Fusiform Gyrus,-0.9790719547623178,OL,AD
ADNI_AD,0,Occipital Pole,-0.6398158400836536,OL,AD
ADNI_AD,0,Opercular Part of the Inferior Frontal Gyrus,-0.28741184705149775,FL,AD
ADNI_AD,0,Orbital Part of the Inferior Frontal Gyrus,-0.4528581512421201,FL,AD
ADNI_AD,0,Pallidum,0.1491697138377973,BG,AD
ADNI_AD,0,Parahippocampus Gyrus,-1.2579220909383828,TL-M,AD
ADNI_AD,0,Parietal Operculum,-0.4383341609123431,FL,AD
ADNI_AD,0,Planum Polare,-0.9594195834962181,TL-O,AD
ADNI_AD,0,Planum Temporale,-0.7460503981469768,TL-O,AD
ADNI_AD,0,Postcentral Gyrus,-0.3974777552218965,PL,AD
ADNI_AD,0,Postcentral Gyrus Medial Segment,-0.3529554788112012,PL,AD
ADNI_AD,0,Posterior Cingulate Gyrus,-0.7934342594103772,Cing,AD
ADNI_AD,0,Posterior Insula,-0.6783142732491114,Ins,AD
ADNI_AD,0,Posterior Orbital Gyrus,-0.7118249479518864,FL,AD
ADNI_AD,0,Precentral Gyrus,-0.3258501884414423,FL,AD
ADNI_AD,0,Precentral Gyrus Medial Segment,-0.21808227462357568,FL,AD
ADNI_AD,0,Precuneus,-0.7773450069714967,PL,AD
ADNI_AD,0,Putamen,-0.4360254192958068,BG,AD
ADNI_AD,0,Subcallosal Area,-0.6695567769700367,FL,AD
ADNI_AD,0,Superior Frontal Gyrus,-0.5940037517281174,FL,AD
ADNI_AD,0,Superior Frontal Gyrus Medial Segment,-0.7343850167909367,FL,AD
ADNI_AD,0,Superior Occipital Gyrus,-0.678540133345449,OL,AD
ADNI_AD,0,Superior Parietal Lobule,-0.6137225449500526,PL,AD
ADNI_AD,0,Superior Temporal Gyrus,-1.0358878874794988,TL-O,AD
ADNI_AD,0,Supplementary Motor Cortex,-0.400260049195875,FL,AD
ADNI_AD,0,Supramarginal Gyrus,-0.8701610433830003,PL,AD
ADNI_AD,0,Temporal Pole,-1.2124493290123406,TL-O,AD
ADNI_AD,0,Thalamus Proper,-0.389774583977329,SC,AD
ADNI_AD,0,Transverse Temporal Gyrus,-0.5278914583686551,TL-O,AD
ADNI_AD,0,Triangular Part of the Inferior Frontal Gyrus,-0.3373437420826007,FL,AD
ADNI_AD,0,Ventral DC,-0.5987904229584727,SC,AD
ADNI_AD,1,Accumbens,-0.7542848426472042,BG,AD
ADNI_AD,1,Amygdala,-0.5670137424862255,TL-M,AD
ADNI_AD,1,Angular Gyrus,-0.7471838527807109,PL,AD
ADNI_AD,1,Anterior Cingulate Gyrus,-0.706030820094385,Cing,AD
ADNI_AD,1,Anterior Insula,-0.43108085810733626,Ins,AD
ADNI_AD,1,Anterior Orbital Gyrus,-0.38130089610009654,FL,AD
ADNI_AD,1,Basal Forebrain,-0.6882454535259431,SC,AD
ADNI_AD,1,Calcarine Cortex,-0.4101557391042778,OL,AD
ADNI_AD,1,Caudate,-0.3975274190718586,BG,AD
ADNI_AD,1,Central Operculum,-0.7855682304175675,FL,AD
ADNI_AD,1,Cerebral White Matter,0.08952227029544353,SC,AD
ADNI_AD,1,Cuneus,-0.5437637099724459,OL,AD
ADNI_AD,1,Entorhinal Area,-0.38463366096628826,TL-M,AD
ADNI_AD,1,Frontal Operculum,-0.8844737745559884,FL,AD
ADNI_AD,1,Frontal Pole,-0.26153889813798525,FL,AD
ADNI_AD,1,Fusiform Gyrus,-0.661809476646508,TL-O,AD
ADNI_AD,1,Gyrus Rectus,-0.5748281973096179,FL,AD
ADNI_AD,1,Hippocampus,-0.774161327622167,TL-M,AD
ADNI_AD,1,Inferior Occipital Gyrus,-0.7091782412179585,OL,AD
ADNI_AD,1,Inferior Temporal Gyrus,-0.6064371677509051,TL-O,AD
ADNI_AD,1,Lateral Orbital Gyrus,-0.5396472648421925,FL,AD
ADNI_AD,1,Lingual Gyrus,-0.4808812825556407,OL,AD
ADNI_AD,1,Medial Frontal Cortex,-0.8113866333285553,FL,AD
ADNI_AD,1,Medial Orbital Gyrus,-0.7960075309323222,FL,AD
ADNI_AD,1,Middle Cingulate Gyrus,-0.757750515558419,Cing,AD
ADNI_AD,1,Middle Frontal Gyrus,-0.7409511842920323,FL,AD
ADNI_AD,1,Middle Occipital Gyrus,-0.5404443028623555,OL,AD
ADNI_AD,1,Middle Temporal Gyrus,-0.827852811450388,TL-O,AD
ADNI_AD,1,Occipital Fusiform Gyrus,-0.507977733576277,OL,AD
ADNI_AD,1,Occipital Pole,-0.5926394437526621,OL,AD
ADNI_AD,1,Opercular Part of the Inferior Frontal Gyrus,-0.7464789543410976,FL,AD
ADNI_AD,1,Orbital Part of the Inferior Frontal Gyrus,-0.4034957517224432,FL,AD
ADNI_AD,1,Pallidum,0.11167317902901407,BG,AD
ADNI_AD,1,Parahippocampus Gyrus,-0.3381814517840707,TL-M,AD
ADNI_AD,1,Parietal Operculum,-0.5704206118654531,FL,AD
ADNI_AD,1,Planum Polare,-0.7630596843760599,TL-O,AD
ADNI_AD,1,Planum Temporale,-0.9200637448379395,TL-O,AD
ADNI_AD,1,Postcentral Gyrus,-0.646652538961046,PL,AD
ADNI_AD,1,Postcentral Gyrus Medial Segment,-0.16258740703534655,PL,AD
ADNI_AD,1,Posterior Cingulate Gyrus,-0.8543490766966007,Cing,AD
ADNI_AD,1,Posterior Insula,-0.5147463287732145,Ins,AD
ADNI_AD,1,Posterior Orbital Gyrus,-0.5856262635183968,FL,AD
ADNI_AD,1,Precentral Gyrus,-0.8344241268717163,FL,AD
ADNI_AD,1,Precentral Gyrus Medial Segment,-0.3309949747014504,FL,AD
ADNI_AD,1,Precuneus,-0.8947982785028045,PL,AD
ADNI_AD,1,Putamen,-0.5823285052006159,BG,AD
ADNI_AD,1,Subcallosal Area,-0.7729348215519498,FL,AD
ADNI_AD,1,Superior Frontal Gyrus,-0.585235412378756,FL,AD
ADNI_AD,1,Superior Frontal Gyrus Medial Segment,-0.8146808879391065,FL,AD
ADNI_AD,1,Superior Occipital Gyrus,-0.3587269608819861,OL,AD
ADNI_AD,1,Superior Parietal Lobule,-0.4819471435625875,PL,AD
ADNI_AD,1,Superior Temporal Gyrus,-0.9227937788103818,TL-O,AD
ADNI_AD,1,Supplementary Motor Cortex,-0.6322404391811821,FL,AD
ADNI_AD,1,Supramarginal Gyrus,-0.4308553392084444,PL,AD
ADNI_AD,1,Temporal Pole,-0.4620191957689567,TL-O,AD
ADNI_AD,1,Thalamus Proper,-0.7828584192678927,SC,AD
ADNI_AD,1,Transverse Temporal Gyrus,-0.9017958906053883,TL-O,AD
ADNI_AD,1,Triangular Part of the Inferior Frontal Gyrus,-0.7325475700613068,FL,AD
ADNI_AD,1,Ventral DC,-0.30228516455168203,SC,AD
ADNI_AD,2,Accumbens,0.8321179315319018,BG,AD
ADNI_AD,2,Amygdala,-0.4459410404190657,TL-M,AD
ADNI_AD,2,Angular Gyrus,0.21766288131166503,PL,AD
ADNI_AD,2,Anterior Cingulate Gyrus,1.0561086480737667,Cing,AD
ADNI_AD,2,Anterior Insula,0.43257411158640235,Ins,AD
ADNI_AD,2,Anterior Orbital Gyrus,0.5288951724256111,FL,AD
ADNI_AD,2,Basal Forebrain,0.19557578869326916,SC,AD
ADNI_AD,2,Calcarine Cortex,-0.17560785534300682,OL,AD
ADNI_AD,2,Caudate,0.8277706396762421,BG,AD
ADNI_AD,2,Central Operculum,0.7023959193607902,FL,AD
ADNI_AD,2,Cerebral White Matter,-0.22614956376986037,SC,AD
ADNI_AD,2,Cuneus,0.16508502952446782,OL,AD
ADNI_AD,2,Entorhinal Area,-0.23133055664308338,TL-M,AD
ADNI_AD,2,Frontal Operculum,0.6168979987226162,FL,AD
ADNI_AD,2,Frontal Pole,0.8092740931496645,FL,AD
ADNI_AD,2,Fusiform Gyrus,-0.028944958914264757,TL-O,AD
ADNI_AD,2,Gyrus Rectus,0.8053847562651784,FL,AD
ADNI_AD,2,Hippocampus,-0.2843323912126318,TL-M,AD
ADNI_AD,2,Inferior Occipital Gyrus,-0.24336179136910088,OL,AD
ADNI_AD,2,Inferior Temporal Gyrus,-0.2343237478991954,TL-O,AD
ADNI_AD,2,Lateral Orbital Gyrus,0.4739629969726751,FL,AD
ADNI_AD,2,Lingual Gyrus,0.07974020693653444,OL,AD
ADNI_AD,2,Medial Frontal Cortex,0.8736680793080651,FL,AD
ADNI_AD,2,Medial Orbital Gyrus,0.614382217007534,FL,AD
ADNI_AD,2,Middle Cingulate Gyrus,0.7767665647549203,Cing,AD
ADNI_AD,2,Middle Frontal Gyrus,0.692699457037074,FL,AD
ADNI_AD,2,Middle Occipital Gyrus,-0.08820291598295488,OL,AD
ADNI_AD,2,Middle Temporal Gyrus,0.05653905525799597,TL-O,AD
ADNI_AD,2,Occipital Fusiform Gyrus,-0.0037468526656108457,OL,AD
ADNI_AD,2,Occipital Pole,-0.41201967854460436,OL,AD
ADNI_AD,2,Opercular Part of the Inferior Frontal Gyrus,0.5801167945314888,FL,AD
ADNI_AD,2,Orbital Part of the Inferior Frontal Gyrus,0.33067626847158343,FL,AD
ADNI_AD,2,Pallidum,-0.13802938544879723,BG,AD
ADNI_AD,2,Parahippocampus Gyrus,0.12235016767946842,TL-M,AD
ADNI_AD,2,Parietal Operculum,0.26737195011452863,FL,AD
ADNI_AD,2,Planum Polare,0.12428015467560938,TL-O,AD
ADNI_AD,2,Planum Temporale,0.09317056666602624,TL-O,AD
ADNI_AD,2,Postcentral Gyrus,0.6453352276242484,PL,AD
ADNI_AD,2,Postcentral Gyrus Medial Segment,0.25656831197302093,PL,AD
ADNI_AD,2,Posterior Cingulate Gyrus,0.23763581020193733,Cing,AD
ADNI_AD,2,Posterior Insula,0.2535793863707667,Ins,AD
ADNI_AD,2,Posterior Orbital Gyrus,0.44548655582072255,FL,AD
ADNI_AD,2,Precentral Gyrus,0.5021628322241928,FL,AD
ADNI_AD,2,Precentral Gyrus Medial Segment,0.2259210801253286,FL,AD
ADNI_AD,2,Precuneus,0.4018751202828389,PL,AD
ADNI_AD,2,Putamen,0.3251946241899191,BG,AD
ADNI_AD,2,Subcallosal Area,0.6203414109692881,FL,AD
ADNI_AD,2,Superior Frontal Gyrus,0.8141066974381697,FL,AD
ADNI_AD,2,Superior Frontal Gyrus Medial Segment,0.5315428046316849,FL,AD
ADNI_AD,2,Superior Occipital Gyrus,0.03736576675577098,OL,AD
ADNI_AD,2,Superior Parietal Lobule,0.5068060097198828,PL,AD
ADNI_AD,2,Superior Temporal Gyrus,0.0038046269323677674,TL-O,AD
ADNI_AD,2,Supplementary Motor Cortex,0.2931243020007332,FL,AD
ADNI_AD,2,Supramarginal Gyrus,0.2749848672642542,PL,AD
ADNI_AD,2,Temporal Pole,-0.003783744139483236,TL-O,AD
ADNI_AD,2,Thalamus Proper,0.523624663905837,SC,AD
ADNI_AD,2,Transverse Temporal Gyrus,0.049480014587363126,TL-O,AD
ADNI_AD,2,Triangular Part of the Inferior Frontal Gyrus,0.5657376899253875,FL,AD
ADNI_AD,2,Ventral DC,-0.04109990565648252,SC,AD
ADNI_AD,3,Accumbens,-0.49110013755733195,BG,AD
ADNI_AD,3,Amygdala,-0.22405700715263333,TL-M,AD
ADNI_AD,3,Angular Gyrus,0.18533502287308576,PL,AD
ADNI_AD,3,Anterior Cingulate Gyrus,-0.40844576588607207,Cing,AD
ADNI_AD,3,Anterior Insula,0.2538022938090704,Ins,AD
ADNI_AD,3,Anterior Orbital Gyrus,-0.3337727702013688,FL,AD
ADNI_AD,3,Basal Forebrain,-0.26157748093035565,SC,AD
ADNI_AD,3,Calcarine Cortex,1.077438403157031,OL,AD
ADNI_AD,3,Caudate,-0.3252965909280894,BG,AD
ADNI_AD,3,Central Operculum,0.21636562654227162,FL,AD
ADNI_AD,3,Cerebral White Matter,-0.595165830384009,SC,AD
ADNI_AD,3,Cuneus,0.43839121325069513,OL,AD
ADNI_AD,3,Entorhinal Area,0.350337619976932,TL-M,AD
ADNI_AD,3,Frontal Operculum,0.031600905880179525,FL,AD
ADNI_AD,3,Frontal Pole,-0.44326773949611453,FL,AD
ADNI_AD,3,Fusiform Gyrus,0.40125275460058113,TL-O,AD
ADNI_AD,3,Gyrus Rectus,-0.09072447543354017,FL,AD
ADNI_AD,3,Hippocampus,-0.04602677690074789,TL-M,AD
ADNI_AD,3,Inferior Occipital Gyrus,0.9576102445502579,OL,AD
ADNI_AD,3,Inferior Temporal Gyrus,0.4844773529028596,TL-O,AD
ADNI_AD,3,Lateral Orbital Gyrus,-0.22269192017568867,FL,AD
ADNI_AD,3,Lingual Gyrus,0.8156339124794898,OL,AD
ADNI_AD,3,Medial Frontal Cortex,-0.20533929599883502,FL,AD
ADNI_AD,3,Medial Orbital Gyrus,-0.25238211628695206,FL,AD
ADNI_AD,3,Middle Cingulate Gyrus,0.06425902819522555,Cing,AD
ADNI_AD,3,Middle Frontal Gyrus,-0.4195605035124765,FL,AD
ADNI_AD,3,Middle Occipital Gyrus,0.4369691670793568,OL,AD
ADNI_AD,3,Middle Temporal Gyrus,0.3789678077946674,TL-O,AD
ADNI_AD,3,Occipital Fusiform Gyrus,0.944472277653028,OL,AD
ADNI_AD,3,Occipital Pole,0.6300190184078254,OL,AD
ADNI_AD,3,Opercular Part of the Inferior Frontal Gyrus,-0.2946091743944149,FL,AD
ADNI_AD,3,Orbital Part of the Inferior Frontal Gyrus,0.19158775380609813,FL,AD
ADNI_AD,3,Pallidum,-0.5551070579669348,BG,AD
ADNI_AD,3,Parahippocampus Gyrus,0.36112120334306996,TL-M,AD
ADNI_AD,3,Parietal Operculum,0.46054230790454187,FL,AD
ADNI_AD,3,Planum Polare,-0.05792709886770597,TL-O,AD
ADNI_AD,3,Planum Temporale,0.09806105658203375,TL-O,AD
ADNI_AD,3,Postcentral Gyrus,-0.3619050953084318,PL,AD
ADNI_AD,3,Postcentral Gyrus Medial Segment,-0.2936858744079108,PL,AD
ADNI_AD,3,Posterior Cingulate Gyrus,0.15260028247586788,Cing,AD
ADNI_AD,3,Posterior Insula,0.21934707973036593,Ins,AD
ADNI_AD,3,Posterior Orbital Gyrus,-0.20351522004531403,FL,AD
ADNI_AD,3,Precentral Gyrus,-0.2924258681077272,FL,AD
ADNI_AD,3,Precentral Gyrus Medial Segment,-0.1771090054972233,FL,AD
ADNI_AD,3,Precuneus,0.059444624163737386,PL,AD
ADNI_AD,3,Putamen,-0.32321041675120027,BG,AD
ADNI_AD,3,Subcallosal Area,-0.06463026700290987,FL,AD
ADNI_AD,3,Superior Frontal Gyrus,-0.5404204942919393,FL,AD
ADNI_AD,3,Superior Frontal Gyrus Medial Segment,-0.29551781237481456,FL,AD
ADNI_AD,3,Superior Occipital Gyrus,0.4187329781606395,OL,AD
ADNI_AD,3,Superior Parietal Lobule,0.3350268207055107,PL,AD
ADNI_AD,3,Superior Temporal Gyrus,0.31966912090926264,TL-O,AD
ADNI_AD,3,Supplementary Motor Cortex,-0.4595611627529549,FL,AD
ADNI_AD,3,Supramarginal Gyrus,0.25126406438074816,PL,AD
ADNI_AD,3,Temporal Pole,0.31348697347644294,TL-O,AD
ADNI_AD,3,Thalamus Proper,-0.14195612275102312,SC,AD
ADNI_AD,3,Transverse Temporal Gyrus,0.10352331107362613,TL-O,AD
ADNI_AD,3,Triangular Part of the Inferior Frontal Gyrus,-0.06877680826781725,FL,AD
ADNI_AD,3,Ventral DC,0.0969172301849054,SC,AD
